Filename,Extracted Text
L05_DL_Vision_Receipts/2.jpg,"Give us feedback @ survey.walmart .com
Thank you! ID #:7PB65JWCFZ2

Walmart ><.

949-498-6669 Mor : MICHAEL
951 AVENIDA PICO
ve SAN CLEMENTE CA 92673

ST# 02527 OP# 009045 TEM 45 TRH 06193
— GV OATMEAL 007874243408 F = 1.76 0
OT 2002 TUM 081236803115 6.74 X
M ATHLETICS 019104567781 24.97 X
DEXAS 15X20 008429710921 12.97 X

SUBTOTAL 46.44

TAX 1 7.750 % 3.46

TOTAL
DEBIT TEND 49.90

CHANGE DUE 0.00
EFT DEBIT PAY FROM PRIMARY
49.90 TOTAL PURCHASE
US DEBIT axex xnxx xxxx 9689 I 0
REF # 029200639128

NETWORK TD. 0056 APPR CODE 461500

# SCO11004
10/18/20, 11:30:42
# ITEMS SOLD 4

16 4305 8847 1¢

UA NL ALN

'
we

Introducing Walmart+
Join today at walmerL.com/plus

Low Prices Y st. Every Day.
bet rigs feat Ta grey

"
L05_DL_Vision_Receipts/3.jpg,"See back of up chance
to win $1000 Th gsNoTVENCHDG

‘al Tha
317-851-1102 Har: JAMIE BROOKSHIRE
882 S STATE ROAD, 135

6

SS2eRs
eD400)

003120506000 F
we
003120606000 F

NO nen

92942 x0D0xG0e

BYS Bey aLow Sorersseziy
“BALE ene 00000001
TR HS FRM 4 002240062190
BAGELS 001376402801 F
GV SLIDERS 007874201525
ACCESSORY 7615161.
CHEEZE IT

WAS 4.54 YOU SAV!

sessile

=zz oxxox

SUBTOTS

TAX 1 = 7,000 *
TOTAL
CASH TEND

Ey
SSRS28S2 SNeRz

2
2)
4
2
0
4
2.
2.
ci
9
4.
4
0,
6.

Tl 6 2495

Scan with Walmart app oe receipts

"
L05_DL_Vision_Receipts/1.jpg,"TRADER JOE'S

2001 Greenville Ave
Dallas TX 75206
Store #403 - (469) 334-0614

OPEN 8:00AM TO 9:00PM DAILY

R-CARROTS SHREDDED 10 OZ
R-CUCUMBERS PERSIAN 1 LB
TOMATOES CRUSHED NO SALT
TOMATOES WHOLE NO SALT W/BASIL
ORGANIC OLD FASHIONED OATMEAL
MINI-PEARL TOMATOES. .

PKG SHREDDED MOZZARELLA LITE T
EGGS 1 002 ORGANIC BROWN.
BEANS GARBANZO

SPROUTED CA STYLE

A-AVOCADOS HASS BAG 4CT
A-APPLE BAG JAZZ 2 LB
A-PEPPER BELL EACH XL RED
3ROCERY NON TAXABLE

WowONN=———
Dinm io mR Oininioly
SSSEESSEES

3FA —-@_0.29/EA
CREAMY SALTED PEANUT BUT TER
WHL WHT PITA BREAD
GROCERY NON TAXABLE

2 @ 0.69

SUBTOTAL $38 .68
TOTAL $38 .68
CASH $40.00
CHANGE $1.32

ITEMS 22 Higgins, Ryan
06-28-2014 12:34PM 0403 04 1346 4683

THANK YOU FOR SHOPPING AT
TRADER JOE'S
www. traderjoes.com

"
L05_DL_Vision_Receipts/0.jpg,"WAL*MART

ALWAYS LOW PRICES.

woe

SUPERCENTER
OPEN 24 HOURS
MANAGER . TBA
(515 ) 986 - 1783
$T# 5748 OP# 00000158 TE¥ 14 TRH 03178
BANANAS 00000000401 1kF
0.41 Ib @ 1 Ib /0.49 0.20 N
FRAP 001200010451 F 5.48 N
DISCOUNT GIVEN 0.57
‘| SUBIQIA. = 8.11
5.
y CASH TEND 1100
CHANGE DUE “5 ""@g

"
